USE ticket_system;

/* ---------- USERS ------------------------------------------------ */
INSERT INTO users
  (id, username, email, password_hash, full_name, phone, role)
VALUES
  ( 1, 'aiden',      'aiden.silva@example.com',      '$2y$10$abcdefghijklmnopqrstuvABCDEabcdeFGHIJKLmn', 'Aiden Silva',          '0771000001', 'Admin'),
  ( 2, 'isuru',      'isuru.perera@example.com',     '$2y$10$abcdefghijklmnopqrstuvABCDEabcdeFGHIJKLmn', 'Isuru Perera',         '0771000002', 'Admin'),
  ( 3, 'kavindi',    'kavindi.fernando@example.com', '$2y$10$abcdefghijklmnopqrstuvABCDEabcdeFGHIJKLmn', 'Kavindi Fernando',     '0771000003', 'Admin'),
  ( 4, 'liam',       'liam.johnson@example.com',     '$2y$10$abcdefghijklmnopqrstuvABCDEabcdeFGHIJKLmn', 'Liam Johnson',         '0771000004', 'Admin'),
  ( 5, 'emma',       'emma.taylor@example.com',      '$2y$10$abcdefghijklmnopqrstuvABCDEabcdeFGHIJKLmn', 'Emma Taylor',          '0771000005', 'Admin'),
  ( 6, 'dinuka',     'dinuka.jayasinghe@example.com','$2y$10$abcdefghijklmnopqrstuvABCDEabcdeFGHIJKLmn', 'Dinuka Jayasinghe',    '0771000006', 'Support'),
  ( 7, 'olivia',     'olivia.brown@example.com',     '$2y$10$abcdefghijklmnopqrstuvABCDEabcdeFGHIJKLmn', 'Olivia Brown',         '0771000007', 'Support'),
  ( 8, 'daniel',     'daniel.martin@example.com',    '$2y$10$abcdefghijklmnopqrstuvABCDEabcdeFGHIJKLmn', 'Daniel Martin',        '0771000008', 'Support'),
  ( 9, 'nethmi',     'nethmi.fernando@example.com',  '$2y$10$abcdefghijklmnopqrstuvABCDEabcdeFGHIJKLmn', 'Nethmi Fernando',      '0771000009', 'Support'),
  (10, 'noah',       'noah.walker@example.com',      '$2y$10$abcdefghijklmnopqrstuvABCDEabcdeFGHIJKLmn', 'Noah Walker',          '0771000010', 'Support'),
  (11, 'ethan',      'ethan.robinson@example.com',   '$2y$10$abcdefghijklmnopqrstuvABCDEabcdeFGHIJKLmn', 'Ethan Robinson',       '0771000011', 'Support'),
  (12, 'ava',        'ava.carter@example.com',       '$2y$10$abcdefghijklmnopqrstuvABCDEabcdeFGHIJKLmn', 'Ava Carter',           '0771000012', 'Support'),
  (13, 'sahan',      'sahan.desilva@example.com',    '$2y$10$abcdefghijklmnopqrstuvABCDEabcdeFGHIJKLmn', 'Sahan de Silva',       '0771000013', 'Support'),
  (14, 'charlotte',  'charlotte.white@example.com',  '$2y$10$abcdefghijklmnopqrstuvABCDEabcdeFGHIJKLmn', 'Charlotte White',      '0771000014', 'Support'),
  (15, 'michael',    'michael.adams@example.com',    '$2y$10$abcdefghijklmnopqrstuvABCDEabcdeFGHIJKLmn', 'Michael Adams',        '0771000015', 'Support'),
  (16, 'isabella',   'isabella.moore@example.com',   '$2y$10$abcdefghijklmnopqrstuvABCDEabcdeFGHIJKLmn', 'Isabella Moore',       '0771000016', 'User'),
  (17, 'tharindu',   'tharindu.senanayake@example.com', '$2y$10$abcdefghijklmnopqrstuvABCDEabcdeFGHIJKLmn', 'Tharindu Senanayake', '0771000017', 'User'),
  (18, 'mia',        'mia.clark@example.com',        '$2y$10$abcdefghijklmnopqrstuvABCDEabcdeFGHIJKLmn', 'Mia Clark',            '0771000018', 'User'),
  (19, 'lucas',      'lucas.lewis@example.com',      '$2y$10$abcdefghijklmnopqrstuvABCDEabcdeFGHIJKLmn', 'Lucas Lewis',          '0771000019', 'User'),
  (20, 'joshua',     'joshua.lee@example.com',       '$2y$10$abcdefghijklmnopqrstuvABCDEabcdeFGHIJKLmn', 'Joshua Lee',           '0771000020', 'User'),
  (21, 'grace',      'grace.harris@example.com',     '$2y$10$abcdefghijklmnopqrstuvABCDEabcdeFGHIJKLmn', 'Grace Harris',         '0771000021', 'User'),
  (22, 'ella',       'ella.young@example.com',       '$2y$10$abcdefghijklmnopqrstuvABCDEabcdeFGHIJKLmn', 'Ella Young',           '0771000022', 'User'),
  (23, 'benjamin',   'benjamin.wright@example.com',  '$2y$10$abcdefghijklmnopqrstuvABCDEabcdeFGHIJKLmn', 'Benjamin Wright',      '0771000023', 'User'),
  (24, 'samuel',     'samuel.thompson@example.com',  '$2y$10$abcdefghijklmnopqrstuvABCDEabcdeFGHIJKLmn', 'Samuel Thompson',      '0771000024', 'User'),
  (25, 'adam',       'adam.hill@example.com',        '$2y$10$abcdefghijklmnopqrstuvABCDEabcdeFGHIJKLmn', 'Adam Hill',            '0771000025', 'User'),
  (26, 'zoe',        'zoe.scott@example.com',        '$2y$10$abcdefghijklmnopqrstuvABCDEabcdeFGHIJKLmn', 'Zoe Scott',            '0771000026', 'User'),
  (27, 'dylan',      'dylan.green@example.com',      '$2y$10$abcdefghijklmnopqrstuvABCDEabcdeFGHIJKLmn', 'Dylan Green',          '0771000027', 'User'),
  (28, 'hannah',     'hannah.baker@example.com',     '$2y$10$abcdefghijklmnopqrstuvABCDEabcdeFGHIJKLmn', 'Hannah Baker',         '0771000028', 'User'),
  (29, 'caleb',      'caleb.mitchell@example.com',   '$2y$10$abcdefghijklmnopqrstuvABCDEabcdeFGHIJKLmn', 'Caleb Mitchell',       '0771000029', 'User'),
  (30, 'chloe',      'chloe.turner@example.com',     '$2y$10$abcdefghijklmnopqrstuvABCDEabcdeFGHIJKLmn', 'Chloe Turner',         '0771000030', 'User'),
  (31, 'ryan',       'ryan.parker@example.com',      '$2y$10$abcdefghijklmnopqrstuvABCDEabcdeFGHIJKLmn', 'Ryan Parker',          '0771000031', 'User'),
  (32, 'sophia',     'sophia.phillips@example.com',  '$2y$10$abcdefghijklmnopqrstuvABCDEabcdeFGHIJKLmn', 'Sophia Phillips',      '0771000032', 'User'),
  (33, 'kevin',      'kevin.campbell@example.com',   '$2y$10$abcdefghijklmnopqrstuvABCDEabcdeFGHIJKLmn', 'Kevin Campbell',       '0771000033', 'User'),
  (34, 'layla',      'layla.collins@example.com',    '$2y$10$abcdefghijklmnopqrstuvABCDEabcdeFGHIJKLmn', 'Layla Collins',        '0771000034', 'User'),
  (35, 'owen',       'owen.edwards@example.com',     '$2y$10$abcdefghijklmnopqrstuvABCDEabcdeFGHIJKLmn', 'Owen Edwards',         '0771000035', 'User'),
  (36, 'victoria',   'victoria.stewart@example.com', '$2y$10$abcdefghijklmnopqrstuvABCDEabcdeFGHIJKLmn', 'Victoria Stewart',     '0771000036', 'User'),
  (37, 'aaron',      'aaron.morris@example.com',     '$2y$10$abcdefghijklmnopqrstuvABCDEabcdeFGHIJKLmn', 'Aaron Morris',         '0771000037', 'User'),
  (38, 'harper',     'harper.rogers@example.com',    '$2y$10$abcdefghijklmnopqrstuvABCDEabcdeFGHIJKLmn', 'Harper Rogers',        '0771000038', 'User'),
  (39, 'shane',      'shane.murphy@example.com',     '$2y$10$abcdefghijklmnopqrstuvABCDEabcdeFGHIJKLmn', 'Shane Murphy',         '0771000039', 'User'),
  (40, 'lily',       'lily.cook@example.com',        '$2y$10$abcdefghijklmnopqrstuvABCDEabcdeFGHIJKLmn', 'Lily Cook',            '0771000040', 'User'),
  (41, 'jason',      'jason.ward@example.com',       '$2y$10$abcdefghijklmnopqrstuvABCDEabcdeFGHIJKLmn', 'Jason Ward',           '0771000041', 'User'),
  (42, 'madeline',   'madeline.gray@example.com',    '$2y$10$abcdefghijklmnopqrstuvABCDEabcdeFGHIJKLmn', 'Madeline Gray',        '0771000042', 'User'),
  (43, 'henry',      'henry.brooks@example.com',     '$2y$10$abcdefghijklmnopqrstuvABCDEabcdeFGHIJKLmn', 'Henry Brooks',         '0771000043', 'User'),
  (44, 'natalie',    'natalie.kelly@example.com',    '$2y$10$abcdefghijklmnopqrstuvABCDEabcdeFGHIJKLmn', 'Natalie Kelly',        '0771000044', 'User'),
  (45, 'shaun',      'shaun.howard@example.com',     '$2y$10$abcdefghijklmnopqrstuvABCDEabcdeFGHIJKLmn', 'Shaun Howard',         '0771000045', 'User'),
  (46, 'scarlett',   'scarlett.price@example.com',   '$2y$10$abcdefghijklmnopqrstuvABCDEabcdeFGHIJKLmn', 'Scarlett Price',       '0771000046', 'User'),
  (47, 'ahmed',      'ahmed.aziz@example.com',       '$2y$10$abcdefghijklmnopqrstuvABCDEabcdeFGHIJKLmn', 'Ahmed Aziz',           '0771000047', 'User'),
  (48, 'aria',       'aria.patel@example.com',       '$2y$10$abcdefghijklmnopqrstuvABCDEabcdeFGHIJKLmn', 'Aria Patel',           '0771000048', 'User'),
  (49, 'mason',      'mason.richardson@example.com', '$2y$10$abcdefghijklmnopqrstuvABCDEabcdeFGHIJKLmn', 'Mason Richardson',     '0771000049', 'User'),
  (50, 'brooklyn',   'brooklyn.cooper@example.com',  '$2y$10$abcdefghijklmnopqrstuvABCDEabcdeFGHIJKLmn', 'Brooklyn Cooper',      '0771000050', 'User');

/* ---------- TICKETS --------------------------------------------- */
INSERT INTO tickets
  (id, user_id, subject, description, status, assigned_role)
VALUES
  ( 1,  1, 'Cannot log in after password reset',          'I reset my password but the system still rejects my credentials.',           'Open',        'Support'),
  ( 2,  2, 'Email notifications not received',            'Order-related emails never arrive. Checked spam already.',                   'In_Progress', 'Support'),
  ( 3,  3, 'Two-factor code expired too quickly',         'The one-time code expires before I can enter it.',                            'Resolved',    NULL),
  ( 4,  4, 'App crashes on Android 14',                   'After the OS update the app closes on launch.',                               'Closed',      NULL),
  ( 5,  5, 'Cannot upload profile picture',               'Upload spins forever on files larger than 1 MB.',                             'Open',        'Support'),
  ( 6,  6, 'Billing address won’t save',                  'Form says “invalid characters” but nothing looks wrong.',                    'In_Progress', 'Support'),
  ( 7,  7, 'Dark mode text invisible in sidebar',         'Links render black on black, unreadable.',                                    'Resolved',    NULL),
  ( 8,  8, 'Search results inconsistent between devices', 'Same query returns empty list on iPad.',                                      'Closed',      NULL),
  ( 9,  9, 'Live chat disconnects randomly',              'After about 30 s the chat window shows “agent left the room”.',              'Open',        'Support'),
  (10, 10, 'Profile privacy toggle stuck',                'Switch jumps back to public whenever I refresh.',                             'In_Progress', 'Support'),
  (11, 11, 'Error 503 on checkout',                       'Service unavailable appears at payment step every evening.',                 'Resolved',    NULL),
  (12, 12, 'Wrong locale shown after login',              'Site shows French interface although my settings say English.',              'Closed',      NULL),
  (13, 13, 'Attachment virus false positive',             'Our PDF catalog is flagged malicious by your scanner.',                      'Open',        'Support'),
  (14, 14, 'Accessibility: screen reader skips buttons',  'NVDA cannot read the main CTA buttons.',                                     'In_Progress', 'Support'),
  (15, 15, 'API returns 429 after few calls',             'Rate-limit seems too strict for our plan.',                                   'Resolved',    NULL),
  (16, 16, 'Invoice PDF download corrupted',              'File cannot be opened; Acrobat says it is damaged.',                          'Closed',      NULL),
  (17, 17, 'Slack integration not adding channels',       'New ticket notifications never reach the mapped Slack channel.',             'Open',        'Support'),
  (18, 18, 'iOS push notifications delayed',              'Alerts show up hours late on iPhone 13.',                                     'In_Progress', 'Support'),
  (19, 19, 'Cannot delete organization',                  'The delete button greys out with no tooltip.',                                'Resolved',    NULL),
  (20, 20, 'Latency spikes from Sri Lanka',               'Ping jumps to 3 s during evening hours.',                                     'Closed',      NULL),
  (21, 21, 'Webhook signature mismatch',                  'Our verifier fails even when using the documented secret.',                  'Open',        'Support'),
  (22, 22, 'Pagination shows duplicate records',          'Page 3 repeats items from page 2.',                                           'In_Progress', 'Support'),
  (23, 23, 'CSV export shifts columns',                   'Date column merges with description when coma exists in text.',              'Resolved',    NULL),
  (24, 24, 'Profile bio field strips line breaks',        'Markdown paragraphs collapse into one.',                                     'Closed',      NULL),
  (25, 25, 'SMS verification not supported on Dialog',    'Messages never reach Sri Lankan 077 numbers.',                               'Open',        'Support'),
  (26, 26, 'Google Sign-In pop-up blocked',               'Chrome flags the pop-up as insecure.',                                       'In_Progress', 'Support'),
  (27, 27, 'Password strength meter inaccurate',          'Shows weak even for 12 char pass with symbols.',                              'Resolved',    NULL),
  (28, 28, '“Remember me” logs out after 1 day',          'Expected 30-day cookie.',                                                    'Closed',      NULL),
  (29, 29, 'MFA backup codes already used',               'Fresh set shows as consumed.',                                               'Open',        'Support'),
  (30, 30, 'Kanban board cards overlap',                  'Drag-and-drop leaves dupes in UI.',                                           'In_Progress', 'Support'),
  (31, 31, 'Webhook retries ignore 410',                  'Should stop retrying on gone.',                                              'Resolved',    NULL),
  (32, 32, 'Cannot reassign ticket in bulk',              'Bulk action menu disabled for multi-select.',                                'Closed',      NULL),
  (33, 33, 'SAML metadata endpoint 404',                  'URL in docs returns not found.',                                             'Open',        'Support'),
  (34, 34, 'Logo looks blurry on retina',                 'PNG asset too small for high-dpi.',                                          'In_Progress', 'Support'),
  (35, 35, 'Audit log shows UTC not local',               'Time zone dropdown ignored.',                                                'Resolved',    NULL),
  (36, 36, 'Campaign scheduler off by one hour',          'DST handling issue?',                                                        'Closed',      NULL),
  (37, 37, 'Markdown tables render wrong',                'Column widths collapse on mobile.',                                         'Open',        'Support'),
  (38, 38, 'Autosave overwrites draft',                   'Older draft replaces new edits.',                                            'In_Progress', 'Support'),
  (39, 39, 'Credit card form rejects AmEx',               'CVV length mis-validated.',                                                  'Resolved',    NULL),
  (40, 40, 'Reports download takes too long',             'Full export stalls at 90 %.',                                                'Closed',      NULL),
  (41, 41, 'Emoji picker missing search',                 'Hard to find less-common emoji.',                                            'Open',        'Support'),
  (42, 42, 'Voice call echo on support widget',           'Customer hears themselves back.',                                            'In_Progress', 'Support'),
  (43, 43, 'File names trimmed on upload',                'UTF-8 characters dropped.',                                                 'Resolved',    NULL),
  (44, 44, 'Broken link in onboarding email',             'CTA goes to 404.',                                                           'Closed',      NULL),
  (45, 45, 'Dashboard metrics off by 5 %',                'Totals don’t match raw data CSV.',                                          'Open',        'Support'),
  (46, 46, 'User tags don’t persist',                     'After refresh tags vanish.',                                                 'In_Progress', 'Support'),
  (47, 47, 'Notification bell shows wrong count',        'Badge displays 99+ forever.',                                               'Resolved',    NULL),
  (48, 48, 'Exported PDF margins wrong',                  'Text cuts off on right.',                                                   'Closed',      NULL),
  (49, 49, 'Inline images rotate 90°',                    'Photos taken on iPhone upload sideways.',                                    'Open',        'Support'),
  (50, 50, 'Webhook tester stuck on “Sending…”',          'Never returns response sample.',                                            'In_Progress', 'Support');

/* ---------- TICKET_MESSAGES ------------------------------------- */
INSERT INTO ticket_messages
  (id, ticket_id, sender_id, message)
VALUES
  ( 1,  1,  1,  'Hi team, I reset the password twice and still get “invalid credentials”. Can you check the backend logs?'),
  ( 2,  2,  2,  'I have “Send me updates” enabled but no order confirmation email lands in any folder.'),
  ( 3,  3,  3,  'Code expires in under 5 seconds—barely enough to type.'),
  ( 4,  4,  4,  'Logcat shows java.lang.RuntimeException right after splash screen.'),
  ( 5,  5,  5,  'Tried PNG and JPG, both hang at 60 %.'),
  ( 6,  6,  6,  'Billing form falsely highlights the word “Road” in the address.'),
  ( 7,  7,  7,  'CSS sets color to #000 on .sidebar-link in dark theme.'),
  ( 8,  8,  8,  'Safari on iPadOS 17 returns empty JSON.'),
  ( 9,  9,  9,  'WebSocket seems to close with code 1006 each time.'),
  (10, 10, 10, 'Toggle uses localStorage but state lost on reload.'),
  (11, 11, 11, 'Stack trace attached—503 from gateway.'),
  (12, 12, 12, 'Accept-Language header is en-US.'),
  (13, 13, 13, 'VirusTotal shows clean; please whitelist MD5: abc123.'),
  (14, 14, 14, 'Tested with NVDA 2024.1, role attribute missing.'),
  (15, 15, 15, 'Plan BASIC should allow 600 calls/min but limit triggers at 60.'),
  (16, 16, 16, 'PDF header bytes 25 50 44 46 missing after download.'),
  (17, 17, 17, 'No entry appears in audit.log for Slack.'),
  (18, 18, 18, 'Push arrives at 02:00 AM; should be instant.'),
  (19, 19, 19, 'Button disabled due to orphaned projects.'),
  (20, 20, 20, 'Traceroute jumps at ix-sing-1.'),
  (21, 21, 21, 'HMAC calculation inline with docs but still mismatch.'),
  (22, 22, 22, 'Offset parameter in SQL query not respected.'),
  (23, 23, 23, 'Commas inside quotes break CSV.'),
  (24, 24, 24, 'Markdown line breaks stripped by sanitizeHtml.'),
  (25, 25, 25, 'Messages to 077 numbers show status “SENT” but never deliver.'),
  (26, 26, 26, 'Chrome 125 blocks third-party cookies.'),
  (27, 27, 27, 'Entropy check maybe mis-weighted.'),
  (28, 28, 28, 'Cookie max-age set to 86400 instead of 2592000.'),
  (29, 29, 29, 'Backup codes sequence starts at 0000.'),
  (30, 30, 30, 'Position absolute mis-calculates Y coordinate after drag.'),
  (31, 31, 31, 'Retry should stop when endpoint returns 410 Gone.'),
  (32, 32, 32, 'Bulk reassignment not in RBAC matrix.'),
  (33, 33, 33, 'Metadata URL should end with /saml/metadata.'),
  (34, 34, 34, 'Logo currently 96 dpi—needs 192 dpi asset.'),
  (35, 35, 35, 'Moment.js defaulting to UTC.'),
  (36, 36, 36, 'Scheduler adds one hour due to Europe/London DST.'),
  (37, 37, 37, 'Mobile view sets table width: auto.'),
  (38, 38, 38, 'Draft saved under different ID.'),
  (39, 39, 39, 'Regex for CVV length hardcoded to 3.'),
  (40, 40, 40, 'Query joins huge tables; consider index.'),
  (41, 41, 41, 'Need a search bar in emoji picker.'),
  (42, 42, 42, 'Echo likely due to double audio streams.'),
  (43, 43, 43, 'UTF-8 filenames truncated to 20 bytes.'),
  (44, 44, 44, 'Link points to /getting-started2.'),
  (45, 45, 45, 'Metric “New signups” off by time zone.'),
  (46, 46, 46, 'PUT /tags returns 200 but db not updated.'),
  (47, 47, 47, 'Unread count not recalculated after readAll.'),
  (48, 48, 48, 'PDF generator uses Letter size not A4.'),
  (49, 49, 49, 'Need to respect EXIF orientation.'),
  (50, 50, 50, 'Tester waits on response but request never sent.');

/* ---------- FEEDBACK -------------------------------------------- */
INSERT INTO feedback
  (id, user_id, message, rating)
VALUES
  ( 1,  3,  'Support resolved my 2FA issue quickly—thanks!',                     5),
  ( 2,  7,  'Live chat agent dropped mid-conversation.',                         2),
  ( 3, 12,  'Feature request: allow dark mode scheduling.',                      4),
  ( 4, 18,  'Page speed could be better on 3G.',                                 3),
  ( 5, 21,  'Love the clean UI.',                                                5),
  ( 6, 24,  'Invoice downloads still fail sometimes.',                           2),
  ( 7, 25,  'Great help from Dinuka on API limits.',                             5),
  ( 8, 30,  'Search filters are confusing.',                                     3),
  ( 9, 33,  'Mobile app logout bug fixed—cheers!',                               4),
  (10, 36,  'Too many marketing emails.',                                        2),
  (11,  1,  'Password reset workflow smooth.',                                   5),
  (12,  2,  'Onboarding emails had broken links.',                               2),
  (13,  4,  'App crash resolved same day—impressive.',                           5),
  (14,  5,  'Upload size limit feels low.',                                      3),
  (15,  6,  'Billing form fixed now, thanks.',                                   4),
  (16,  8,  'iPad search still flaky.',                                          2),
  (17,  9,  'Chat disconnect issue acknowledged promptly.',                      4),
  (18, 10,  'Privacy toggle bug remains.',                                       2),
  (19, 11,  'Checkout stable after patch.',                                      5),
  (20, 13,  'False positive scanner issue pending.',                             3),
  (21, 14,  'Accessibility fix scheduled—good response.',                       4),
  (22, 15,  'Rate-limit improved slightly.',                                     3),
  (23, 16,  'Damaged invoice PDF still occurs.',                                 1),
  (24, 17,  'Slack integration now working—great!',                              5),
  (25, 19,  'Delete organization still disabled.',                               2),
  (26, 20,  'Latency better after routing change.',                              4),
  (27, 22,  'Duplicates on pagination not fixed.',                               2),
  (28, 23,  'CSV export perfect now.',                                           5),
  (29, 26,  'Pop-up block workaround unclear.',                                  3),
  (30, 27,  'Password meter accurate after update.',                             4),
  (31, 28,  'Remember-me duration acceptable now.',                              4),
  (32, 29,  'Backup codes issue unresolved.',                                    2),
  (33, 31,  'Webhook retry logic works—thanks.',                                 5),
  (34, 32,  'Bulk reassignment still greyed out.',                               2),
  (35, 34,  'Retina logo looks sharp—nice!',                                     5),
  (36, 35,  'Audit log timezone fixed.',                                         5),
  (37, 37,  'Markdown tables still wrap poorly.',                                3),
  (38, 38,  'Autosave conflict resolved.',                                       4),
  (39, 39,  'AmEx validation correct now.',                                      5),
  (40, 40,  'Export speed still slow >1 GB.',                                    2),
  (41, 41,  'Emoji search would be helpful.',                                    3),
  (42, 42,  'Echo problem partially reduced.',                                   3),
  (43, 43,  'UTF-8 filenames handled fine now.',                                 4),
  (44, 44,  'Broken link fixed promptly.',                                       5),
  (45, 45,  'Dashboard numbers finally accurate.',                               5),
  (46, 46,  'User tags vanish again post-patch.',                                2),
  (47, 47,  'Notification badge OK after cache clear.',                          4),
  (48, 48,  'PDF margins corrected nicely.',                                     5),
  (49, 49,  'Images still rotate incorrectly.',                                  2),
  (50, 50,  'Webhook tester now shows response—great!',                          5);

/* ---------- CONTACT_US ------------------------------------------ */
INSERT INTO contact_us
  (id, name, email, subject, message)
VALUES
  ( 1,  'Janaka Wijeratne',  'janaka.w@example.com',      'Unable to verify email',         'Hi, I click the verify link but it says token expired. Please assist.'),
  ( 2,  'Sophie Müller',     'sophie.mueller@example.de', 'Billing query',                  'Could you send a VAT-compliant invoice for April?'),
  ( 3,  'Carlos García',     'cgarcia@example.es',        'Account locked',                 'My account locked after too many attempts. Need unlock.'),
  ( 4,  'Fatima Zahra',      'fatima.z@example.ma',       'Arabic translation feedback',    'Some strings are still in English on profile page.'),
  ( 5,  'Jacob Smith',       'jacob.smith@example.com',   'Feature suggestion',             'Please add Apple Pay to the checkout methods.'),
  ( 6,  'Harsha Perera',     'harsha.p@example.lk',       'Cannot change phone number',     'Form says number already used even when it is not.'),
  ( 7,  'Yuki Tanaka',       'yuki.t@example.jp',         'Password reset loop',            'Reset email arrives but redirects me back to login error.'),
  ( 8,  'Olga Ivanova',      'olga.i@example.ru',         'Duplicate charges',              'I was billed twice for order #5412.'),
  ( 9,  'Ethan Chen',        'ethan.chen@example.cn',     'Refund status',                  'When will I receive my refund for cancelled order?'),
  (10,  'Maria Rossi',       'maria.rossi@example.it',    'Download speed slow',            'Client downloads average 40 KB/s from Europe.'),
  (11,  'Lucas Dubois',      'lucas.dubois@example.fr',   'GDPR data request',              'I’d like a copy of all data stored about me.'),
  (12,  'Amara Singh',       'amara.singh@example.in',    'Cannot delete card',             'Old credit card remains after deletion attempt.'),
  (13,  'Johan Svensson',    'johan.s@example.se',        'Accessibility concern',          'Contrast ratio too low on buttons.'),
  (14,  'Sara Ali',          'sara.ali@example.eg',       'Signup captcha fails',           'Captcha never verifies even when correct.'),
  (15,  'Tomáš Novák',       't.novak@example.cz',        'API key limit',                  'Need higher limit for staging environment.'),
  (16,  'Mei Lin',           'mei.lin@example.sg',        'Order #7751 delayed',            'Parcel stuck at customs—need docs?'),
  (17,  'George Brown',      'george.brown@example.com',  'Broken link in FAQ',             'Link to pricing comparison returns 404.'),
  (18,  'Ahmad Khan',        'ahmad.khan@example.pk',     'SMS not arriving',               'OTP messages never reach Zong network.'),
  (19,  'Elena Petrova',     'elena.p@example.bg',        'Import CSV format',              'Which delimiter do you support for Bulgarian locale?'),
  (20,  'Dylan Wilson',      'dylan.w@example.com',       'Reschedule demo',                'Need to move Monday demo to Wednesday.'),
  (21,  'Liu Wei',           'liu.wei@example.cn',        'Invoice address change',         'Please update my company address on future invoices.'),
  (22,  'Jessica Lee',       'jessica.lee@example.com',   'Security concern',               'Found a potential XSS on profile bio field.'),
  (23,  'Nuwan Jayasuriya',  'nuwan.j@example.lk',        'Slow mobile site',               'Pages take 10 s to load on 4G.'),
  (24,  'Inés Martínez',     'ines.m@example.es',         'Cannot add team member',         'Invite shows “email already exists” error.'),
  (25,  'Peter Novak',       'peter.n@example.sk',        'PDF font wrong',                 'Accent characters missing in Slovak PDF.'),
  (26,  'Chloe Nguyen',      'chloe.n@example.vn',        'Missing order confirmation',     'Order #9123 placed but no email received.'),
  (27,  'Ali Al-Hussein',    'ali.h@example.jo',          'Currency not available',         'Need JOD for checkout options.'),
  (28,  'Megan O’Connor',    'megan.oc@example.ie',       'Subscription paused incorrectly','Plan paused itself after failed payment.'),
  (29,  'Andrei Popov',      'andrei.p@example.ro',       'Webhook docs unclear',           'Which IPs should we whitelist?'),
  (30,  'Sanjay Patel',      'sanjay.patel@example.com',  'App store review rejected',      'Guideline 4.2 referenced—need explanation.'),
  (31,  'Katarina Kovac',    'katarina.k@example.hr',     'VAT ID validation',              'Field rejects valid Croatian VAT.'),
  (32,  'Jean-Paul Leroy',   'jeanpaul.l@example.fr',     'Error 422 on PATCH user',        'Payload identical to GET response.'),
  (33,  'Mila Georgieva',    'mila.g@example.bg',         'Buttons unresponsive',           'Buttons require double-tap on Safari.'),
  (34,  'Hassan Ibrahim',    'hassan.i@example.sa',       'Login throttled too soon',       'Five attempts lock account for an hour.'),
  (35,  'Giuseppe Bianchi', 'giuseppe.b@example.it',      'Change primary email',           'Need to swap to new company domain.'),
  (36,  'Nadia Rahman',      'nadia.rahman@example.bd',   'Footer links overlap',           'Links stack on small screens.'),
  (37,  'Lars Nilsen',       'lars.n@example.no',         'Cannot cancel subscription',     'Cancel button spins indefinitely.'),
  (38,  'Isabella Silva',    'isabella.s@example.br',     '404 on docs',                    'Endpoint reference page missing.'),
  (39,  'Timur Özdemir',     'timur.o@example.tr',        'Time zone mismatch',             'Calendar events shift by two hours.'),
  (40,  'Emily Johnson',     'emily.j@example.com',       'Duplicate entries in report',    'Sales report shows duplicates for May 1.'),
  (41,  'Anton Petrov',      'anton.p@example.ru',        'OAuth redirect URI error',       'Says mismatch but URI correct.'),
  (42,  'Yara Haddad',       'yara.h@example.lb',         'PDF watermark too dark',         'Text unreadable behind logo.'),
  (43,  'Matej Zoric',       'matej.z@example.hr',        'DNS propagation slow',           'Still resolving to old IP after 48 h.'),
  (44,  'Linda Müller',      'linda.mueller@example.de',  'Add SEPA mandate',               'Need SEPA option for EU customers.'),
  (45,  'Chen Yu',           'chen.yu@example.cn',        'AliPay payment failed',          'Transaction declined without reason.'),
  (46,  'Samantha Reed',     'samantha.r@example.com',    'Calendar invite missing',        'Team invite mail had no .ics attachment.'),
  (47,  'Mohamed Salah',     'm.salah@example.eg',        'Arabic RTL issue',               'Text alignment off in invoice.'),
  (48,  'Natalia Sokolov',   'natalia.s@example.ru',      'Cannot view analytics',          'Charts stuck loading.'),
  (49,  'Juan Pérez',        'juan.perez@example.mx',     '3-D Secure loop',                'Card verification loops endlessly.'),
  (50,  'Ella Brown',        'ella.b@example.com',        'Account deletion confirmation',  'No confirmation email after request.');

